nama,kanal,kontak,minat,sumber
Panara Course,WhatsApp,0812-1710-9208,"Bimbel TNI/Polri/kedinasan (PKN STAN, IPDN, STIN) - butuh bank soal psikotes",B2B-KONTAK-YOGYAKARTA.csv
Edumatrix Indonesia,WhatsApp,0821-7414-4728,Bimbel UTBK/kedinasan - kantor Jogja; kandidat lisensi bank soal,B2B-KONTAK-YOGYAKARTA.csv
Akademi Taruna (program Jogja),Email,hi@akademitaruna.com,Bimbel IPDN/TNI-Polri paket bergaransi - calon pembeli bank soal,B2B-KONTAK-YOGYAKARTA.csv
Integritas Kedinasan,WhatsApp,0812-1636-5729,Bimbel IPDN/AKPOL/SIPSS/Bintara Jogja - butuh soal psikotes,B2B-KONTAK-YOGYAKARTA.csv
Bimbel STAN IC Yogyakarta,Kunjungan langsung,"Jl. Blunyah Gede No.1, Sinduadi, Mlati, Sleman",Bimbel PKN STAN dekat UII; demo tatap muka,B2B-KONTAK-YOGYAKARTA.csv
Logic Solution Yogyakarta,Instagram DM,@logic.solution_yogyakarta,Bimbel khusus psikotes - paling cocok dengan produk,B2B-KONTAK-YOGYAKARTA.csv
Bimbel YEC,Instagram DM,@bimbel_yec,Bimbel UTBK/kedinasan/CPNS/BUMN - 10 ribu pengikut,B2B-KONTAK-YOGYAKARTA.csv
Akses Kedinasan cabang Yogyakarta,Formulir situs,https://www.bimbelkedinasan.id/cabang/yogyakarta/ipdn,Jaringan bimbel kedinasan nasional - lisensi per cabang,B2B-KONTAK-YOGYAKARTA.csv
Nusa Pro Avia,Situs resmi,https://nusaproavia.com/,Sekolah penerbangan & kru maskapai - butuh psikotes seleksi kru,B2B-KONTAK-YOGYAKARTA.csv
ESP Bimbel,Situs resmi,https://espbimbel.com/,Lembaga privat & bimbel SD-kuliah - bank soal jadi produk tambahan,B2B-KONTAK-YOGYAKARTA.csv
ASN Institute,Situs resmi,https://www.asninstitute.id/bimbel/kedinasan/,Bimbel + tryout CAT kedinasan/CPNS 50+ tryout - butuh audit/penyegaran soal,SALURAN-PENJUALAN.md
Digital Education,Situs resmi,https://digitaleducation.id/bimbel-kedinasan,Bimbel online kedinasan klaim 7000+ bank soal - lemah di audit kunci,SALURAN-PENJUALAN.md
kedinasan.id,Situs resmi,https://kedinasan.id/,Platform tryout CAT real untuk 9 sekolah kedinasan,SALURAN-PENJUALAN.md
Viracun,Situs resmi,https://viracun.id/,Bimbel + tryout CPNS/PPPK/kedinasan klaim ribuan soal - paket audit per 1000 soal,SALURAN-PENJUALAN.md
AYOCPNS,Situs resmi,https://ayocpns.com/,Bimbel & tryout CPNS-PPPK - ulasan pengguna minta update soal TWK,SALURAN-PENJUALAN.md
Bintang Bangsa (Educamp),Situs resmi,https://bintangbangsa.com/bimbeltnipolri-online-class/,Bimbel TNI-Polri online bergaransi (AKMIL AKPOL SIPSS Bintara) - volume soal psikotes besar,SALURAN-PENJUALAN.md
Tryouti,Situs resmi,https://tryouti.com/bimbel-tni-polri/,Bimbel + tryout TNI/Polri psikotes - produk inti sejalan dengan SiapPsikotes,SALURAN-PENJUALAN.md
Jadiprajurit.id,Situs resmi,https://jadiprajurit.id/,Bimbel TNI (Bintara Tamtara Akademi PAPK) termasuk tes psikologi & litpers,SALURAN-PENJUALAN.md
Praja Edukasi,Situs resmi,https://www.prajaedukasi.com/,Bimbel TNI-Polri & kedinasan lintas instansi - satu klien banyak paket audit,SALURAN-PENJUALAN.md
SoalCAT,Situs resmi,https://soalcat.com/,Platform tryout SKD/SKB bank soal terstruktur per kategori - audit mudah diukur,SALURAN-PENJUALAN.md
